user_id,name,email,signup_date
1,Kristopher Salas,eroberts@example.net,2023-11-10 16:12:40
2,Sean Watson,victoria37@example.net,2024-11-25 07:03:35
3,Jeffrey Conley,tracy97@example.com,2023-06-17 18:00:31
4,Kaitlyn Weaver,schambers@example.com,2023-03-07 18:41:52
5,David Edwards,hmartinez@example.org,2024-07-06 14:35:31
6,Jason Meyer,hjones@example.net,2024-11-16 20:07:55
7,Bonnie Johnson,jerryfoster@example.com,2023-01-31 16:01:51
8,Luis Cardenas,garciageorge@example.net,2023-04-14 20:29:41
9,Amy Anderson,hayleymartinez@example.org,2023-11-24 02:09:44
10,Nicole Hernandez,alyssa48@example.net,2023-05-22 12:34:16
11,Justin Velez,murphycrystal@example.com,2024-12-15 21:04:51
12,Holly Hughes MD,vaughandiana@example.net,2024-11-02 07:34:23
13,Clifford Lopez,joshuahernandez@example.net,2024-06-11 05:09:19
14,Caitlin Hudson,awhite@example.net,2024-01-04 23:12:27
15,Dennis Manning,zmason@example.net,2024-07-18 12:54:49
16,Matthew Reed,gbranch@example.org,2023-05-29 20:14:15
17,Elizabeth Edwards,wilsondaniel@example.com,2023-12-14 18:50:42
18,Keith Coleman,curtis36@example.org,2023-12-08 00:43:49
19,Kevin Long,qlopez@example.org,2024-06-03 12:32:00
20,Kimberly Price MD,meganfranklin@example.net,2024-08-01 07:02:08
21,Amy Cox,jennifer50@example.org,2024-11-19 02:59:07
22,David Smith,timothy59@example.com,2024-08-25 13:32:27
23,Cassidy Foster,tonyasanchez@example.net,2024-11-08 19:15:19
24,April Doyle,smithwilliam@example.org,2024-02-16 12:53:11
25,Julian Cunningham,gonzalezadam@example.com,2024-10-06 09:46:08
26,Tracy Edwards,vfuller@example.org,2024-12-05 15:03:15
27,Larry Rivera,williammcmillan@example.org,2023-07-31 06:01:08
28,Charles French,millerjessica@example.net,2023-02-11 23:28:49
29,Rachael Hurley,zcole@example.net,2024-06-30 13:52:32
30,Christopher Black,rsparks@example.org,2024-03-16 08:14:29
31,Edward Martinez,greenebeverly@example.com,2023-12-01 17:28:50
32,Brian Black,mbush@example.org,2023-02-26 06:59:37
33,Stanley Smith,ronald85@example.org,2024-06-11 21:38:28
34,Jacob Pace,emoore@example.com,2024-06-10 11:32:46
35,Lori Barrett,cwoods@example.org,2023-02-24 16:28:59
36,Jacob Stone,mnguyen@example.com,2024-12-02 16:37:51
37,Shawn Long,stanleyjon@example.org,2024-04-24 11:27:14
38,Matthew Johnson,skirk@example.org,2024-01-08 13:10:56
39,Joe Smith,tmartinez@example.org,2023-07-29 11:05:25
40,Charles Perez,ybender@example.org,2023-07-15 09:26:42
41,Stephanie Day,toddkim@example.net,2024-11-17 08:13:01
42,Katherine Long,wuroy@example.net,2024-01-10 06:11:30
43,Lisa Anderson,stephen94@example.com,2024-10-11 00:04:05
44,Brandon Schneider,kathleenwade@example.net,2024-10-24 16:18:11
45,Amanda Riley,rebeccahuffman@example.com,2024-05-30 04:51:05
46,Jared Everett,jessica60@example.org,2024-07-13 12:43:18
47,Heather Mcbride,kanejonathan@example.net,2024-12-03 11:49:54
48,Danielle Palmer,whitearthur@example.org,2024-11-04 11:40:16
49,Jonathan Harris,jenniferdavis@example.com,2023-07-17 08:08:04
50,Manuel Hammond,kristacross@example.org,2023-09-15 08:30:58
51,Thomas May,angelawalker@example.com,2024-11-07 05:06:18
52,Scott Williams,joelmarks@example.org,2023-06-27 02:49:39
53,Brenda Mason,melody88@example.com,2023-05-30 05:35:30
54,Colleen Alexander,underwoodkelsey@example.com,2024-02-02 15:19:30
55,James Rocha,davidmckenzie@example.org,2024-07-06 16:02:47
56,Jose Costa,max83@example.org,2024-05-21 17:13:28
57,Christopher Drake,odonnelldavid@example.net,2023-03-26 10:40:04
58,Michael Bartlett,mcdonaldbradley@example.org,2024-12-01 23:00:19
59,Lynn Morgan,dianelynch@example.net,2024-06-19 07:28:02
60,Craig Watkins,travis57@example.net,2023-02-12 03:39:17
61,Kathryn Hernandez DDS,kmurphy@example.com,2023-03-12 01:26:39
62,Jennifer Brock,lewisstuart@example.net,2024-07-04 06:42:46
63,Darren Cowan,chelsea95@example.org,2024-03-26 18:16:27
64,Scott Moran,mccarthyandrea@example.org,2023-10-20 09:31:45
65,Calvin Miller,peterscott@example.org,2024-07-09 02:46:46
66,Juan Reed,cjones@example.com,2023-01-30 15:30:53
67,Sarah Adams,burnswanda@example.net,2024-07-05 11:57:50
68,Alicia Martin,lsoto@example.com,2024-05-30 11:03:44
69,Travis Lee,nmoore@example.org,2023-05-03 07:29:01
70,Brian King,rebeccadiaz@example.org,2024-05-05 09:31:19
71,Mary Miller,alexismorris@example.org,2023-04-16 21:57:18
72,John Schmitt,denisedavis@example.com,2023-12-12 14:23:31
73,Steven Stone,amber36@example.net,2023-10-24 14:17:26
74,Charles Franklin,kevin16@example.com,2024-08-15 17:09:30
75,Darrell Santana,sampsonmanuel@example.net,2024-05-01 23:20:05
76,John Sanders,jacobwebb@example.net,2024-04-28 17:25:26
77,John Flores,delgadojonathan@example.com,2024-03-16 22:28:35
78,Robyn Campbell,xhouston@example.com,2023-04-25 19:39:51
79,Joseph Montoya,fwatkins@example.com,2024-09-03 07:32:30
80,Kaitlin Martin,burtonmichelle@example.org,2023-10-06 19:06:44
81,Zachary Murphy,brendarose@example.net,2024-03-20 06:54:19
82,Dennis Walker,msteele@example.org,2024-06-04 16:02:52
83,Jonathan Robertson,sarah08@example.com,2023-10-28 00:16:21
84,Alicia Wright,richard36@example.net,2023-03-27 18:22:14
85,William Harvey,isnyder@example.org,2023-11-03 06:37:13
86,Tiffany Mejia,watsonjames@example.net,2023-11-01 08:07:24
87,Jeffrey Mcbride,michael04@example.net,2023-07-23 09:54:30
88,Samantha Davila,jimenezalexandra@example.org,2023-07-25 12:10:01
89,Katrina Scott,joshua84@example.org,2023-11-18 20:59:32
90,Kathryn Lawrence,heather49@example.org,2024-04-28 18:57:25
91,Joel Reynolds,cookdawn@example.org,2023-10-22 07:52:00
92,Matthew Daniel,delgadosean@example.net,2024-11-01 12:46:26
93,Kimberly Fleming,tuckerjustin@example.com,2023-11-06 15:46:07
94,Justin Williams,bakerjoseph@example.org,2023-08-30 14:06:39
95,Michael Meza,nguyenkimberly@example.org,2024-08-18 03:30:02
96,Sherry Trujillo,joshua66@example.org,2024-09-06 04:43:54
97,Mrs. Brandi Bond DVM,blanchardchristopher@example.org,2023-06-25 02:35:03
98,Donald Dixon,benjaminlang@example.org,2023-09-28 10:56:32
99,Joshua Hill,hchang@example.com,2024-07-28 18:47:57
100,Travis Jackson,zbryant@example.org,2023-03-06 22:12:05
101,Mary Wright,charles04@example.com,2024-07-02 05:17:20
102,Victoria Rogers,jenniferwalter@example.com,2024-06-26 16:17:18
103,Nichole Morgan,gabriellalawson@example.com,2023-06-08 03:31:30
104,Michelle Dyer,jenniferdean@example.org,2024-02-24 20:52:13
105,Jordan Schaefer,ncastaneda@example.com,2023-11-10 09:49:14
106,Jesus Anderson,cunninghamamy@example.org,2023-11-24 05:57:35
107,Curtis Hall,juanflores@example.net,2023-10-28 19:48:01
108,Jonathan Mahoney,pturner@example.com,2024-09-26 05:28:16
109,Willie Beasley,uwinters@example.net,2024-06-24 13:53:55
110,David Shields,ashley15@example.com,2023-01-30 01:29:09
111,Ryan Gibson,stephanieedwards@example.org,2024-04-26 08:46:03
112,Heather Vargas,kellerstacy@example.net,2023-07-30 13:26:45
113,Diana Miller DDS,amandarobertson@example.org,2024-01-31 20:02:59
114,Krystal Acevedo,wwilliams@example.net,2024-02-09 08:08:23
115,Adam Chaney,smithjessica@example.org,2025-01-01 22:25:58
116,Annette Powers,petersonsamantha@example.net,2023-02-23 15:03:14
117,Jason Garcia,brandyhobbs@example.com,2024-05-16 06:51:29
118,Christine Wolf,sextonkristin@example.com,2023-12-17 04:17:27
119,Michael Martinez,andradejennifer@example.com,2024-02-03 00:19:31
120,Carrie Robles,sarahhowell@example.net,2024-04-18 17:45:29
121,Mr. Charles Perez,hsmith@example.org,2023-05-25 13:38:03
122,Kathryn King,freemanbrandon@example.net,2024-06-16 19:22:40
123,Regina Ball,linda98@example.org,2023-11-04 13:04:03
124,Jacob Cook,michele35@example.net,2024-03-22 19:09:03
125,Jennifer Lopez,grant71@example.org,2023-02-20 00:59:31
126,Emily Brown,amanda51@example.org,2023-02-25 21:01:01
127,Daniel Brown,christopherreyes@example.net,2023-10-03 17:18:25
128,Carol Morales,michaeldavis@example.com,2024-06-09 04:27:54
129,Bridget Wood,aimeemcpherson@example.net,2024-05-20 16:13:54
130,Parker Gonzalez,jamesodonnell@example.com,2024-07-17 18:07:28
131,Heather Norris,fordamanda@example.net,2023-07-04 20:50:27
132,David Hunter,jamesjordan@example.org,2024-05-05 04:43:03
133,Michael Case,qbest@example.net,2024-07-27 07:11:10
134,Laura Rogers,erikamcclure@example.org,2024-06-03 10:14:47
135,Elizabeth Munoz,john75@example.org,2023-08-24 11:29:27
136,Elizabeth Sparks,davidcampos@example.com,2024-12-01 05:00:50
137,Mr. Jonathan Flores,csmith@example.org,2024-11-29 22:39:16
138,David Rivera PhD,greenandrew@example.net,2023-04-09 18:04:33
139,Laura Davis,daniellemayo@example.net,2023-06-30 09:10:30
140,Susan Kim,paynechristine@example.org,2023-02-04 18:56:43
141,Russell Nelson,tonyadiaz@example.com,2024-08-21 05:21:44
142,Donald Smith,sabrina22@example.net,2024-10-20 18:21:33
143,Justin Good,kaitlinmckay@example.com,2025-01-06 09:17:20
144,Dustin Phillips,erika70@example.org,2024-05-16 10:19:45
145,Linda Blair,pnewton@example.com,2024-06-27 06:17:24
146,Alicia Greene,hwilson@example.com,2023-07-10 19:26:03
147,Kimberly Nelson,keithjohns@example.com,2024-01-14 05:14:06
148,Michael Vazquez,james60@example.net,2024-06-17 12:52:10
149,Kayla Valentine,braunmichael@example.net,2024-06-24 17:36:01
150,Cheryl Pierce,tjones@example.net,2023-10-08 01:57:17
151,Russell Perez,connie49@example.org,2024-07-12 20:16:45
152,Alvin White,johnsonandrea@example.org,2024-03-31 16:18:32
153,Kayla Lane,istevens@example.net,2023-11-17 19:11:00
154,Robert Walker,crystal51@example.com,2023-08-18 11:45:44
155,Robert Lutz,hunter79@example.com,2024-09-25 16:02:55
156,Daniel Long,richardsteele@example.net,2023-12-31 03:09:44
157,Jason Barajas,russelldaniel@example.com,2024-01-20 12:46:38
158,Christopher Bennett,andersonclaire@example.net,2025-01-10 13:23:54
159,Richard Anderson,daniel44@example.com,2024-06-05 02:47:08
160,Matthew Martinez,halljason@example.com,2023-05-11 23:02:06
161,Kimberly Mclaughlin,hallallison@example.net,2024-09-07 12:33:31
162,Martin Harper,zmorris@example.net,2024-04-20 23:16:03
163,Andrew Kennedy,rhodges@example.net,2023-07-30 12:47:24
164,Phillip Love,randyblevins@example.net,2023-07-06 18:47:06
165,Michael Warren,prodgers@example.net,2025-01-13 09:57:38
166,Robert Miller,eunderwood@example.com,2023-08-09 09:20:15
167,Bobby Richards,brownjennifer@example.net,2023-09-04 02:31:57
168,Todd Hernandez,knightelizabeth@example.com,2023-09-02 22:20:00
169,Dr. Tanner Romero,jameswashington@example.org,2023-02-14 09:20:35
170,Denise Castro,floydlisa@example.com,2024-10-31 05:13:25
171,Sarah Graves,tromero@example.org,2024-01-22 03:16:49
172,Monica Christian,noahhubbard@example.com,2024-09-27 15:11:33
173,Brenda Cantrell,nichole83@example.net,2024-12-13 19:31:11
174,Gilbert Rhodes,colemantrevor@example.com,2023-05-11 11:47:55
175,Valerie Suarez,jrogers@example.net,2023-12-20 01:54:36
176,Derrick Pugh,robertwhite@example.org,2024-04-23 09:09:31
177,Michael Dawson,obarnett@example.com,2023-07-27 07:09:51
178,Heather Jones,reedlori@example.org,2024-10-08 13:40:12
179,Mary Franklin MD,shelby56@example.com,2023-02-22 07:35:47
180,Samantha Ashley,laurenanderson@example.net,2023-08-09 06:08:25
181,Tracy Klein,hbrown@example.net,2024-06-23 12:10:26
182,Gabrielle Chavez,millernancy@example.org,2023-10-14 18:23:24
183,Michael Lindsey,alexis49@example.com,2024-05-19 01:07:46
184,Jean Miller,jennifer26@example.com,2023-09-17 09:55:23
185,Erika George,jennifer42@example.net,2024-07-12 08:04:04
186,Randy Khan,dawngonzalez@example.com,2025-01-09 05:48:34
187,Mrs. Amanda Jenkins MD,amyshelton@example.com,2024-11-18 09:06:16
188,Lisa Mason,reneedunn@example.net,2024-03-05 20:34:21
189,Joseph Rogers,ryancohen@example.com,2024-01-24 04:17:19
190,Nancy Manning,keith00@example.net,2024-11-23 19:51:11
191,Whitney Huang,rmccoy@example.com,2024-11-11 06:50:40
192,April Blackwell,xrivera@example.net,2023-05-19 12:47:31
193,Christopher Griffin,jessefuller@example.org,2023-10-06 18:39:09
194,Laura Joseph,larry69@example.net,2024-01-11 12:11:55
195,Ryan Young,barbara15@example.net,2023-08-21 20:47:32
196,Trevor Lindsey,jasonbaker@example.net,2024-03-13 11:11:48
197,Daniel Hood,kendra86@example.com,2023-07-10 08:11:50
198,Kyle Zhang,ucollins@example.net,2023-06-11 21:56:36
199,Debra Owens,bakeralexander@example.org,2023-04-01 18:33:59
200,Zachary Alexander,jessica51@example.com,2024-12-25 16:35:50
201,Matthew Herrera,sharon50@example.net,2023-12-12 19:19:00
202,Donna Pruitt,hayleylewis@example.org,2024-03-02 02:01:50
203,Jacqueline Freeman,meyertaylor@example.org,2024-01-13 02:10:29
204,Jordan Davis,martinregina@example.org,2023-12-25 07:48:59
205,Angela Franklin,fwilliams@example.com,2024-03-13 21:02:01
206,Jason Perez,andrew99@example.com,2024-03-20 16:31:12
207,Jamie Alvarez,dylan53@example.net,2023-02-24 02:26:12
208,Jason Hunter,matthewsmith@example.org,2024-05-03 09:35:14
209,Lisa Pacheco,josephhernandez@example.org,2024-06-30 22:16:17
210,Stephen Martinez,heather44@example.net,2023-04-12 07:23:27
211,Sabrina Gray,christinawilliams@example.com,2024-04-26 17:34:55
212,Harold Hahn,valeriewallace@example.com,2023-08-17 00:42:03
213,Sarah Moss,stantonkaren@example.net,2024-08-31 15:13:29
214,Gabriela Walker,matthewwilson@example.com,2024-08-20 07:11:52
215,Heidi Evans,deborah71@example.com,2024-09-16 02:03:11
216,Nathan Pham,rebekah08@example.com,2023-01-25 09:40:06
217,Jack Flores,schmidtscott@example.com,2023-08-16 23:49:31
218,Heather Donaldson,yeseniamiller@example.org,2024-10-21 09:45:49
219,Karen Fowler,charles55@example.org,2024-08-15 21:17:44
220,Juan Craig,zachary70@example.com,2023-05-10 14:51:28
221,John Ross,mandrade@example.net,2023-06-01 18:29:26
222,Tanya Thompson,brianpayne@example.com,2024-10-22 10:34:47
223,Amber Lewis,briana58@example.com,2024-10-18 03:23:45
224,Michael Miller,hillmichelle@example.net,2024-08-17 14:43:32
225,Kelly Vasquez,nathan31@example.org,2023-12-19 10:12:17
226,April Moreno,sbanks@example.com,2023-07-17 22:46:59
227,Jacob Vega,danielle91@example.net,2023-08-20 11:27:13
228,Rebecca Lewis,andrew60@example.org,2024-04-27 18:28:31
229,Caitlin Woods,coleeric@example.com,2023-05-15 23:55:41
230,Lisa Hernandez,wlawrence@example.com,2023-07-31 13:56:28
231,Brianna Sanders,emccormick@example.org,2023-12-09 09:58:37
232,Madeline Harper,martinjason@example.net,2024-03-25 22:01:56
233,Brenda Ward,danaking@example.net,2023-03-01 18:15:15
234,Marcia Hamilton,amanda54@example.com,2023-04-01 23:58:38
235,Donna Glenn,xorozco@example.org,2023-09-29 22:58:37
236,John Munoz,kdaniels@example.net,2024-12-29 17:31:18
237,Victoria Williams,gdaniel@example.net,2024-09-11 21:30:48
238,Michael Hines,sabrina25@example.com,2023-03-17 19:43:29
239,Jonathon Valenzuela,duane57@example.net,2024-04-02 14:51:47
240,Mr. Paul Levy,cindysmith@example.net,2024-06-02 10:53:58
241,Tasha Harris,poncemegan@example.org,2024-10-04 16:32:16
242,John Hinton,rebeccajones@example.com,2024-06-20 11:58:16
243,Brian Dillon,robert07@example.com,2023-03-05 07:36:50
244,Melissa Smith,bryanclayton@example.org,2023-05-07 12:20:56
245,Jennifer Ross,kellyalex@example.net,2023-09-18 16:29:26
246,Marcus Townsend,npearson@example.com,2024-03-03 03:20:18
247,Eric Larson,jose19@example.net,2023-02-19 16:58:14
248,Lisa Williams,umiller@example.com,2023-02-18 08:54:46
249,Anne Wilson,rodriguezkristine@example.org,2023-09-11 08:55:55
250,Jose Holmes,cfernandez@example.com,2024-09-06 12:24:16
251,Jessica Rodriguez,sandovalelizabeth@example.com,2023-10-26 08:44:19
252,Alexander Lowe,phurley@example.org,2023-04-18 10:41:28
253,Erica Andrews,rgonzales@example.org,2024-05-05 04:59:46
254,Melissa Warner,matthew88@example.com,2023-04-28 17:40:41
255,Natasha Delgado,josephromero@example.net,2024-01-17 05:24:12
256,Robert Oneill,anthony30@example.net,2024-06-15 02:31:04
257,Mary Frey,ywalsh@example.org,2023-03-09 11:09:16
258,Donna Terry,tiffanymassey@example.com,2023-09-08 00:45:20
259,Ian Casey,pamela23@example.com,2023-10-16 08:49:10
260,Lawrence Hughes,paulsims@example.net,2024-03-30 17:15:15
261,John Morgan,deborah45@example.net,2023-10-18 12:46:30
262,Cody Hernandez,tina14@example.com,2024-02-23 23:01:55
263,Pamela Reid,yhubbard@example.org,2024-02-04 23:00:13
264,Miguel Alexander,jasonbrandt@example.net,2024-04-08 13:00:05
265,Kara Chavez,kingdiane@example.org,2023-04-27 12:21:31
266,Jonathan Mueller,hwebb@example.com,2023-11-26 03:53:21
267,Randy King,timothy30@example.org,2024-02-14 09:10:54
268,Hunter Adams,adamlyons@example.com,2024-10-04 16:51:35
269,Adam Henderson MD,kellerrobert@example.org,2024-07-17 08:27:39
270,Julie Smith,reyestyler@example.com,2024-09-26 00:00:00
271,Terry Lloyd,davidlozano@example.com,2023-07-14 19:22:24
272,Leslie White,andreaward@example.org,2023-08-12 17:50:54
273,Sherry Zimmerman DDS,zacharyflowers@example.com,2024-08-26 21:36:43
274,Randall Sweeney,vcastro@example.net,2024-10-11 16:39:47
275,Zachary Perry,whitesamantha@example.org,2023-11-25 01:10:02
276,Joseph Henson,gcook@example.com,2024-01-17 16:22:26
277,Natasha Cannon,rwagner@example.com,2024-07-14 15:02:15
278,Casey Robinson,whitakeralexis@example.org,2023-05-25 07:25:10
279,Michael Perry,kimberlymiller@example.net,2024-08-15 03:03:59
280,Janet Wilson,nwashington@example.com,2023-06-22 09:44:29
281,Jennifer Richards,brett48@example.net,2024-02-24 14:24:15
282,Veronica Wallace,orodriguez@example.org,2023-12-14 21:05:49
283,Laura Rogers,rickygarner@example.com,2024-03-17 15:15:24
284,Steven Yang,dcasey@example.org,2023-06-02 21:28:55
285,Barbara Smith,annmcdowell@example.com,2024-12-21 05:15:16
286,Erica Morgan,fkelly@example.org,2023-04-24 14:33:09
287,Michael Gonzales,jthomas@example.com,2025-01-20 04:55:44
288,Daniel Wood,williamsmelinda@example.com,2024-06-09 17:07:16
289,Sarah Mcmahon,ysmith@example.net,2024-11-19 16:11:38
290,Cheryl Lopez,hcarson@example.net,2024-11-29 19:17:04
291,Steven Salas,shaun19@example.net,2024-06-18 18:58:20
292,Terry Brown,garciaerica@example.com,2023-04-29 22:09:25
293,Christina Harrison,brownjeremy@example.net,2023-03-20 17:04:05
294,Melissa Smith,acarey@example.com,2023-08-23 16:21:43
295,Felicia Lee,chloe31@example.net,2024-07-10 22:10:47
296,Kim Gordon,hancockalec@example.com,2024-05-17 08:28:07
297,Mary Hunt,pwilliams@example.org,2024-08-26 00:31:22
298,Justin Galloway,cblack@example.org,2024-06-28 07:42:41
299,Joshua Lee,wmoore@example.net,2023-06-12 08:32:16
300,Jose Bell,andrew71@example.org,2023-05-13 08:40:57
301,Carol Ramirez,gbrown@example.com,2024-04-02 02:49:38
302,Gary Shelton,cmason@example.net,2023-07-11 18:22:15
303,Ian Peterson,rebecca90@example.net,2025-01-09 12:38:03
304,Diane Ellis,sdavis@example.net,2024-08-12 18:21:36
305,Ricky Olson,mcguirepenny@example.net,2024-06-28 19:37:09
306,Trevor Williams,carlos71@example.net,2023-04-11 00:36:07
307,Raymond Bates,williamlee@example.com,2023-02-28 05:55:34
308,Marilyn Sawyer,kristophervega@example.net,2023-07-16 17:34:55
309,Mary Humphrey,xmiller@example.org,2023-06-23 20:12:13
310,Ricardo Rollins,yatkinson@example.net,2023-12-27 21:39:02
311,Lori Bruce,wongchristopher@example.com,2024-11-23 04:07:07
312,Benjamin Martinez,dawnmoyer@example.net,2024-11-25 11:59:06
313,Andrew Yates,daniel45@example.net,2023-09-24 09:19:05
314,David Thomas,uwoods@example.com,2023-02-25 14:10:21
315,Jared Sparks,brian46@example.org,2023-04-13 17:53:59
316,Angela Huffman,oparker@example.org,2023-02-14 05:54:11
317,Rodney Baker,curtisstacey@example.org,2024-05-11 16:06:52
318,Madison Reynolds,avilaheather@example.net,2023-05-22 08:43:46
319,Melissa Boyle,jtodd@example.com,2023-06-02 14:52:49
320,Patrick Flores,nicholaswyatt@example.com,2024-11-26 01:18:50
321,Terri Williams,welchashley@example.com,2023-09-03 03:44:07
322,Tammy Harris,powelldeanna@example.com,2023-10-01 21:44:56
323,Sean Holt,staceyobrien@example.net,2023-10-22 09:39:57
324,Amber Walker,john01@example.org,2023-08-05 22:04:26
325,Allison Abbott,matthew92@example.net,2025-01-16 07:46:09
326,Amanda Ramsey,ashley22@example.net,2023-02-14 15:32:42
327,James Ferrell DDS,vmullen@example.net,2024-12-25 06:37:49
328,Stephanie Garcia,gmartinez@example.com,2024-11-29 16:59:54
329,David Neal,martingregory@example.org,2023-07-10 12:08:21
330,Mercedes Castro,brandybrock@example.net,2023-06-03 14:32:24
331,Amy Patton,danielcoleman@example.org,2024-02-23 07:02:00
332,Brian Sanford,vmiddleton@example.com,2024-06-21 12:20:42
333,Miss Kimberly Martin PhD,david47@example.org,2023-05-10 00:13:22
334,Jeff Shelton,wheelerjonathan@example.org,2023-02-12 07:01:19
335,Jennifer White,karengarza@example.org,2024-12-16 14:17:53
336,Denise Mcconnell,justinjackson@example.org,2025-01-06 07:39:08
337,Rhonda Mcconnell,xallen@example.org,2023-03-02 17:24:21
338,Tonya Arnold,brandonpennington@example.org,2024-12-17 03:40:19
339,Benjamin Tucker,uwest@example.com,2023-08-25 09:02:45
340,Austin Pratt,gwang@example.com,2023-02-28 10:06:41
341,Allen Henry,dlee@example.com,2023-08-09 13:37:15
342,Lauren Mendez,sdavis@example.net,2023-10-13 05:54:34
343,Linda Gilbert,sestrada@example.net,2023-05-05 16:57:28
344,Margaret Kidd,meredithbenjamin@example.net,2023-02-15 03:40:55
345,Matthew Booth,newmanrachel@example.com,2024-12-10 11:23:51
346,Christine Smith,marc93@example.com,2024-05-11 05:25:34
347,Lisa Cook,meyereric@example.com,2024-02-27 19:38:30
348,Sarah Wright,cwilson@example.com,2024-07-12 12:35:23
349,Kimberly Mcgrath,gmartin@example.org,2024-03-25 07:32:27
350,Krista Tran,carolynwilson@example.org,2023-11-11 20:09:06
351,Jasmin Bailey,conniefitzpatrick@example.com,2023-04-29 06:28:06
352,George Huff,ramirezkayla@example.com,2023-07-15 20:46:56
353,Mary Conner,barbarareese@example.com,2024-09-26 23:44:13
354,Patrick Walker,xwoods@example.org,2023-07-22 00:08:50
355,Ryan Curtis,david49@example.net,2024-02-25 03:23:02
356,Rachel Gordon,mackdonald@example.com,2024-05-29 21:03:22
357,Alyssa Murphy,brian86@example.net,2024-09-15 18:57:14
358,Kelly Jacobs,kimberlygutierrez@example.net,2024-12-10 03:02:30
359,Desiree Ford,lamjonathan@example.org,2024-04-23 21:25:15
360,Daniel Brooks,batesjoseph@example.net,2024-03-16 04:25:39
361,Amy Copeland,brianortiz@example.com,2024-12-26 04:07:38
362,Robert Smith,rachel42@example.com,2023-05-01 01:08:47
363,Holly Stevens,veronica67@example.com,2023-04-21 17:55:54
364,Kristen Black,dylandavis@example.com,2023-01-30 07:00:08
365,Walter Jennings,michellecoleman@example.org,2023-08-09 02:23:07
366,Lori Williams,valentinejames@example.com,2024-10-08 01:30:03
367,Ruth Chan,paulmurray@example.org,2023-03-04 06:18:21
368,Kerri Powell,louis27@example.com,2023-09-11 20:11:48
369,Laura Steele,kathy82@example.org,2024-03-28 09:45:18
370,Tracey Dunn,travissanchez@example.com,2024-08-30 00:24:26
371,Laura Lamb,rebecca95@example.net,2024-05-22 18:43:32
372,Cheryl Wise,wagnerdakota@example.net,2024-01-15 01:43:13
373,Kelly Booth,cindy18@example.net,2023-10-24 01:46:13
374,Rachel Woodard,garciatraci@example.com,2023-09-09 08:43:16
375,Zachary Keith,andreabell@example.net,2023-10-18 09:51:28
376,Bruce Dyer,rebeccatorres@example.net,2024-09-07 07:37:05
377,Angela Kent,gmontoya@example.org,2024-11-02 10:23:35
378,Stephanie Goodman,david87@example.com,2024-08-19 10:42:32
379,David Jones,stacie50@example.com,2024-09-11 15:05:59
380,Ariel Rush,youngann@example.com,2024-07-09 14:30:11
381,Debbie Smith,chelsey67@example.com,2024-11-23 11:36:15
382,Katrina King,johnpowell@example.org,2023-03-21 06:44:15
383,Misty Beasley,angelahenderson@example.com,2024-09-16 15:44:55
384,Donna Barnett,hwilkinson@example.com,2024-12-17 10:36:36
385,Walter Cooley,nicholas36@example.org,2024-04-01 02:55:23
386,Bryan Ponce,heidi25@example.org,2024-05-05 14:41:01
387,Steven Bailey,briggsterry@example.org,2024-05-23 06:20:58
388,Robin Levine,kellypayne@example.com,2023-09-12 05:55:50
389,Lisa Hamilton,rachel89@example.net,2024-03-26 08:46:41
390,Maria Gordon,weissalexandra@example.org,2023-10-20 22:33:41
391,Jasmine Mills,hendersonpatricia@example.com,2024-08-02 19:00:41
392,Elizabeth Jones,michele04@example.com,2023-12-05 01:43:38
393,Robert Robinson,thomasreese@example.com,2024-12-16 01:41:42
394,Angela Rodriguez,ccook@example.net,2024-07-03 01:08:08
395,Jackie Shields,logan38@example.org,2024-11-08 22:45:55
396,Joshua Bailey,beasleymatthew@example.com,2023-11-14 05:27:49
397,Charles Hunt Jr.,ycamacho@example.com,2024-10-04 02:46:59
398,Jessica Woodard,michael19@example.com,2023-03-25 09:22:12
399,Victoria Rose,ejohnson@example.com,2024-09-15 23:45:44
400,Kathleen Cain,joyce34@example.net,2023-06-21 20:06:02
401,Kathleen Saunders,saundersmakayla@example.net,2023-08-08 18:31:11
402,Antonio Lambert,robert19@example.org,2024-12-08 16:09:04
403,Adam Berry,ethan77@example.com,2024-08-21 10:15:51
404,Cameron Maldonado,wileybrenda@example.com,2023-02-11 07:10:59
405,Tina French,blakeroy@example.org,2024-09-28 05:56:20
406,Frank Johnson,carolyn30@example.org,2024-04-17 15:55:12
407,Shelby Hood,ambercooper@example.org,2024-03-17 22:59:15
408,Daniel Ross,garyharvey@example.com,2024-01-13 19:31:54
409,Tanya Dunn,shermanjames@example.net,2024-07-15 10:36:47
410,Lucas Johnson,andreathomas@example.org,2024-04-23 22:57:20
411,Tyler Schmidt,stephaniewilliams@example.net,2024-01-12 00:59:12
412,Joseph Perkins,christinaabbott@example.net,2023-05-02 10:57:55
413,Denise Kelley,jonathan74@example.org,2025-01-19 21:54:29
414,Kristina Lloyd,christianhall@example.org,2023-12-17 06:32:09
415,Amanda Osborn,todd84@example.com,2023-08-24 01:00:22
416,Joe Vega,catherine38@example.net,2024-10-09 06:58:57
417,Erik Miller,dramirez@example.com,2023-09-06 11:55:47
418,Andrea Williams,jonathanward@example.com,2024-04-15 03:30:35
419,Todd Orozco,michaela18@example.net,2024-02-05 06:43:46
420,Leslie Ponce,sherrygreer@example.net,2024-03-13 14:08:35
421,William Lewis,alexanderrussell@example.net,2023-11-16 11:38:13
422,Javier Roach,mkennedy@example.com,2023-05-13 04:58:57
423,Patrick Church,russell23@example.com,2023-09-12 11:04:48
424,Parker Rice,eatonroger@example.net,2023-09-04 22:07:40
425,Sara Johnson,kelly52@example.org,2023-02-18 22:35:33
426,Kevin Dominguez,monicawolf@example.net,2023-08-20 13:30:54
427,Dana Green,brian50@example.org,2024-04-24 08:07:22
428,Taylor Bailey,michelle73@example.com,2023-12-03 04:24:04
429,Amy Russell,fowlerjoel@example.com,2024-11-29 08:50:30
430,Colleen Johnson,jasmine85@example.com,2024-11-08 21:24:08
431,Abigail Mcconnell,cheryl74@example.com,2023-08-19 12:21:09
432,Lori Best,matthew73@example.com,2024-05-02 01:19:59
433,Holly Owen,melissa08@example.net,2024-06-14 18:45:01
434,Karen Hernandez,jennifer81@example.net,2024-01-06 12:19:22
435,Melissa Edwards,rwright@example.org,2023-11-18 07:22:47
436,Ruth Davis,reyesmelinda@example.com,2023-09-04 07:52:47
437,Tiffany Ferguson,anthony24@example.com,2024-04-21 02:49:21
438,Jean Conway,caitlinalvarado@example.net,2023-10-17 21:04:42
439,Richard Frey,michael81@example.com,2023-05-02 08:16:32
440,Caitlin Hendricks,mcdonaldcheyenne@example.com,2023-06-01 15:40:37
441,Pamela Brooks,andrew43@example.net,2023-08-17 18:06:11
442,Dennis Salazar,bruce59@example.net,2023-02-16 11:48:05
443,Bailey Christensen,hickskevin@example.org,2024-07-01 03:15:36
444,Robert Martinez,xpage@example.com,2023-04-08 20:30:00
445,Carol Brady,kennedylisa@example.net,2023-12-17 18:17:27
446,Ryan Diaz,brendamoran@example.com,2023-12-12 07:26:16
447,Krista Johnson,stacy86@example.net,2023-07-29 14:13:06
448,Destiny Dean,sfitzgerald@example.org,2024-12-15 18:21:34
449,Andrea Franklin,carlacraig@example.com,2024-08-09 17:12:05
450,Tara Singh,wwalsh@example.org,2023-09-19 17:11:30
451,Luis Christensen,williamhartman@example.org,2023-01-28 23:51:44
452,Matthew Mendoza,nathanalvarez@example.net,2024-03-29 00:31:59
453,Vincent Lane,imata@example.org,2023-02-17 12:09:34
454,Joann Black,camposbrent@example.net,2024-12-05 10:45:44
455,Julie Glover,jacob61@example.net,2023-04-21 03:14:23
456,Kristina Lewis,torreskaylee@example.net,2023-03-30 07:49:12
457,Ashlee Stein,arthur88@example.com,2023-12-04 03:02:56
458,Seth Green,audrey73@example.org,2023-02-07 06:00:44
459,Tammy Hanson,hayesjack@example.org,2023-08-12 04:55:37
460,Samuel Ramirez,davidhutchinson@example.net,2024-01-12 05:43:53
461,Stephanie Garza,gerald14@example.com,2024-08-06 02:15:05
462,Michael Glass,margaretdudley@example.com,2023-09-08 07:21:01
463,Rachel Barnes,lorimatthews@example.org,2023-12-17 17:05:06
464,Benjamin Parker,djohnson@example.org,2023-07-02 07:46:40
465,Ronald Mueller,mcintoshmichael@example.com,2023-04-03 01:41:27
466,Michael Wade,parkertheresa@example.org,2024-06-09 10:24:41
467,Sharon Brown,larry46@example.org,2023-06-03 22:54:02
468,Scott Johnson PhD,john52@example.com,2024-12-09 08:53:00
469,Christopher Wright,bobby47@example.net,2024-11-27 16:07:56
470,Tyler Thomas,april18@example.com,2024-08-07 21:52:38
471,Krystal Mitchell,carrkatelyn@example.net,2023-05-16 20:07:06
472,Alison Johnson,matthewgarner@example.org,2023-06-09 00:11:15
473,Brandon Walker,carly66@example.org,2024-11-30 11:51:33
474,Jasmine Gill,kdunn@example.com,2024-11-26 13:12:34
475,Brian Green,icurtis@example.org,2023-04-19 16:30:22
476,Jennifer Davis,hhorn@example.org,2024-03-29 01:00:00
477,Matthew Huff,avargas@example.net,2023-05-14 16:15:44
478,Shelby Knox,fisherlauren@example.com,2024-06-16 04:58:40
479,Todd Delacruz,trevorwilson@example.com,2023-10-26 09:30:40
480,Robert Bernard,charper@example.org,2023-02-22 16:37:33
481,Stephen Bennett,kelseypeters@example.org,2024-09-10 08:29:21
482,Michael Padilla,anthonychung@example.net,2023-03-07 11:36:46
483,Judy Wolfe,sarah76@example.org,2023-08-28 06:22:09
484,Andrew Greene,michaelgonzales@example.net,2024-07-13 15:57:42
485,Laurie Davidson,andrew16@example.com,2023-09-06 14:06:22
486,Jason Patrick,sanchezjennifer@example.org,2024-07-17 16:43:36
487,Dominique Collins,robert24@example.net,2023-12-28 05:31:23
488,Lauren Farley,sean51@example.com,2023-04-17 16:57:23
489,Michelle Hamilton,qthomas@example.com,2023-06-09 21:31:01
490,John Charles,greenjennifer@example.org,2023-10-13 11:21:01
491,Thomas Williams,meredithcontreras@example.com,2024-02-11 19:30:49
492,Joshua Dennis,hendersonsusan@example.net,2024-06-15 00:48:03
493,Steven Levy,johnsonclinton@example.net,2024-02-15 12:44:53
494,Shelly Hayes,walkercurtis@example.org,2024-05-07 06:59:07
495,Cheyenne Hernandez,ritadelgado@example.com,2023-01-24 18:53:57
496,Mary Johnson,rachel30@example.net,2024-09-29 01:50:36
497,Gerald Allen,austinandrew@example.org,2023-11-13 07:41:30
498,Joshua Rodriguez,nmitchell@example.com,2023-03-23 13:16:30
499,Gregory Orozco,danieljones@example.net,2024-07-15 00:44:11
500,Angela Moore,jameschristopher@example.com,2024-09-15 22:49:26
501,Christopher Mays,brownstephanie@example.com,2023-11-27 22:47:31
502,Cynthia Dillon,adavis@example.org,2024-12-09 22:37:35
503,Victor Gomez,pattersondennis@example.com,2024-01-09 08:03:34
504,Frances Stephens,jpalmer@example.com,2024-09-21 17:23:24
505,Sarah Fritz,adam18@example.com,2023-03-31 09:53:31
506,Jennifer Patel,jessica33@example.com,2025-01-02 00:02:56
507,Kimberly Patton,carpenterandrew@example.net,2024-01-27 05:55:38
508,Tara Campbell,autumnowens@example.org,2023-08-28 21:44:00
509,Steven Perez,ucole@example.com,2023-12-05 07:16:17
510,James Gibson,sarah16@example.net,2024-06-03 13:43:13
511,Joseph Holland,matthewsjennifer@example.com,2025-01-21 18:12:17
512,Amanda Hickman,lisa71@example.com,2024-02-22 20:59:16
513,Monica Turner,mgates@example.org,2023-08-02 02:17:37
514,Patrick Carr,richardsonandrea@example.com,2024-12-13 08:22:00
515,Brian Cohen,jonathanreed@example.com,2024-04-08 10:02:24
516,Thomas Dunn,michelle71@example.com,2024-06-20 06:57:15
517,Beth Lee,natalie20@example.org,2023-12-08 08:26:03
518,Chelsey Wolfe,tburns@example.com,2023-05-08 01:13:23
519,Joseph Pena,allenanthony@example.net,2023-03-25 21:40:21
520,Alex Gonzales,andrewmays@example.net,2024-11-30 02:02:48
521,Elizabeth Williams,gdaugherty@example.com,2023-05-09 03:04:55
522,Shirley Garrett,russellwillie@example.net,2023-11-15 03:44:27
523,Elizabeth Moreno,thomasgray@example.com,2024-02-13 02:04:11
524,Whitney Thompson,lbranch@example.org,2024-06-13 15:01:21
525,Brian Morrow,christopher85@example.org,2024-01-11 19:02:11
526,Katherine Shelton,jrosales@example.net,2024-06-29 14:39:04
527,William Thomas,cramirez@example.net,2023-09-09 23:33:47
528,Brett Holloway,thomasstephanie@example.com,2024-06-29 04:30:50
529,Frank Lawson,chungtracy@example.net,2024-06-07 00:11:11
530,Zoe Sawyer,aaron81@example.net,2023-07-29 18:18:51
531,Rachel Moses,nicholas65@example.com,2023-03-23 04:49:57
532,Samantha Hoover,abryant@example.org,2024-05-06 16:46:22
533,Kathleen Bennett,kingchristine@example.com,2024-05-26 22:04:44
534,Jeffrey Harmon,priscilla28@example.net,2024-06-15 06:13:05
535,William Martinez,zachary23@example.com,2024-12-14 08:07:20
536,Jay Wong,jose80@example.net,2023-09-25 03:20:43
537,Rick Thompson,troyedwards@example.com,2024-03-07 17:33:36
538,Stacey Sanders,millersean@example.com,2023-11-04 23:59:51
539,Melissa Dodson,hallterri@example.com,2024-04-22 18:56:32
540,Dr. Andrew Ingram,carolynarmstrong@example.net,2023-11-07 07:47:20
541,Sue Lewis,pattersonsara@example.org,2024-08-06 11:36:38
542,Lisa Lang,zterry@example.org,2024-09-12 21:42:13
543,Anthony Moreno,khall@example.org,2024-03-03 01:56:10
544,Mario Ramirez,lewischristopher@example.net,2023-03-09 00:15:35
545,James Alvarez,christopher75@example.net,2023-08-13 03:36:50
546,Miguel Fisher,jacqueline24@example.net,2024-03-12 17:41:15
547,Carla Finley,fvalenzuela@example.net,2023-07-13 00:03:06
548,Paul Woods,david66@example.net,2023-08-08 18:06:38
549,Paul Poole,albert22@example.net,2024-07-04 02:46:22
550,Amanda Jones,mitchellparker@example.com,2024-02-08 15:00:45
551,Mallory Branch,richardstammy@example.net,2025-01-13 11:46:05
552,Eddie Dean,vgarcia@example.com,2023-10-22 09:26:02
553,Mark Zamora,christopher05@example.net,2023-02-16 22:22:35
554,Christine Hodges,krystal27@example.net,2023-09-24 03:42:42
555,Mercedes Branch,ithompson@example.org,2023-05-11 04:05:56
556,Jacob Lee,bullockmary@example.com,2023-07-06 04:02:52
557,Sean Marshall,bakerlori@example.com,2023-10-03 03:45:29
558,Denise Obrien,xsmith@example.com,2023-12-23 05:49:47
559,John Roman,kathrynsmith@example.com,2024-10-11 01:31:24
560,Andrea Fields,wangnicholas@example.org,2023-06-12 19:25:18
561,Cheryl Green,gibbsricky@example.com,2023-09-15 09:09:08
562,Sheila Rodriguez,tsmith@example.org,2023-09-21 03:49:26
563,Tamara Frost,burkebeverly@example.com,2024-08-01 22:57:09
564,Desiree Lowe,maureen70@example.net,2024-04-21 16:16:23
565,Julie Thompson MD,nicholestewart@example.com,2024-06-13 16:10:46
566,Austin Fowler,parrishelizabeth@example.org,2023-03-15 21:59:50
567,Adam Clark,duransandra@example.com,2023-05-14 13:17:11
568,Kimberly Robinson,kayla87@example.com,2024-12-18 17:03:01
569,Kathy Johnson,erika85@example.net,2023-02-13 16:03:09
570,Elaine Williams,sparksannette@example.com,2023-09-26 07:26:32
571,Karen Hernandez,nbaker@example.net,2023-02-14 15:47:38
572,William Webb,michael12@example.net,2023-09-20 05:05:33
573,Debra Stephens,lpham@example.net,2023-02-04 00:43:07
574,Shannon Garcia,jaredrivers@example.com,2023-10-03 07:45:15
575,Thomas Jensen,heather54@example.com,2023-09-27 08:49:13
576,Martin Hudson,gabriel39@example.org,2023-05-24 01:40:20
577,Tricia Arnold,nixonlindsay@example.net,2023-04-27 09:56:27
578,Mark Garza,harveykathleen@example.org,2024-12-03 22:47:35
579,Katherine Whitaker,danielmann@example.net,2024-05-08 14:11:22
580,Bryan Johnson,mfisher@example.org,2025-01-11 07:49:25
581,Kendra Long,julia82@example.org,2024-02-22 22:08:12
582,Alexandra Graves,emily46@example.com,2024-08-26 16:26:57
583,Jill Stark,jessicahowe@example.net,2023-06-24 21:12:52
584,Ryan Wright,bryan99@example.com,2023-08-03 07:53:24
585,Jennifer Shaffer,yponce@example.net,2023-03-14 07:26:54
586,Kristen Cherry,garciaashley@example.com,2023-02-23 19:57:20
587,Destiny Martinez,alexrivers@example.com,2024-11-07 20:44:43
588,Melissa White,erikaaustin@example.net,2023-06-27 16:13:18
589,Brandon Krueger,joseph74@example.org,2023-01-25 10:37:35
590,Charles Wolf,jacksontheresa@example.com,2023-12-05 06:01:25
591,Sarah Weiss,sandy64@example.org,2023-06-09 06:53:16
592,Jordan Berry,jeffreyburke@example.net,2023-08-11 18:45:00
593,Lindsey Ryan,schwartzbrian@example.com,2024-06-26 04:31:50
594,Dr. Susan Reeves PhD,blopez@example.net,2023-07-31 10:45:44
595,Olivia Rodriguez,mccormickkelly@example.org,2024-05-14 22:23:14
596,Kayla Richardson,leetimothy@example.net,2024-09-20 06:49:49
597,Alexander Murray MD,jwilliams@example.org,2024-11-01 01:43:33
598,Lindsay Velasquez,holderjustin@example.org,2024-01-20 13:26:27
599,John Barker,john49@example.net,2023-11-13 09:19:33
600,Courtney Rogers,chudson@example.org,2023-11-17 21:06:42
601,Tamara Stuart,fmitchell@example.com,2024-07-20 10:13:07
602,Nicholas Warren,brownchristine@example.net,2024-05-21 17:35:31
603,Daniel Avila,wmurphy@example.com,2024-02-19 12:15:58
604,Jennifer Wang,jeff73@example.org,2024-12-01 17:51:42
605,James Jenkins,fkelly@example.com,2023-03-19 00:42:59
606,Christine Thomas,justin47@example.org,2023-05-15 09:00:00
607,Pamela Knight,johnbass@example.org,2023-05-10 02:55:40
608,Lisa Richardson,daniel03@example.com,2024-03-21 07:02:31
609,Andrew Doyle,patriciahernandez@example.org,2024-10-07 06:15:33
610,Ashley Schmitt,vmartin@example.org,2023-03-04 15:41:07
611,Ebony Anderson,oshelton@example.net,2024-05-28 07:31:41
612,Jacob Cardenas,areynolds@example.com,2024-05-03 18:14:55
613,Amanda Alvarez,ashley08@example.com,2024-05-19 13:26:00
614,Katie Young,wrightchristy@example.net,2024-04-24 08:08:20
615,Keith Mosley,washingtonmargaret@example.net,2024-01-12 08:29:48
616,Christopher Mayer,james52@example.net,2023-03-23 19:41:12
617,Veronica Conley,william51@example.org,2023-07-03 09:59:47
618,Jesse Ayala,smithjohn@example.org,2023-05-13 15:21:25
619,Melissa Ward,lisadavis@example.org,2024-10-27 00:40:54
620,Rachel Smith,rblackwell@example.net,2023-09-09 22:59:17
621,James Patrick,brewerjacob@example.com,2024-08-06 01:31:51
622,Joshua Little,howardjoseph@example.net,2024-04-10 15:58:25
623,Ashley Carr,waltersadam@example.com,2024-04-14 23:46:43
624,David Obrien,reyeskaren@example.org,2024-04-10 15:53:30
625,Michael Jackson,ksmith@example.com,2023-11-20 07:05:26
626,Eric Walsh,ingramdaniel@example.com,2023-01-24 22:38:15
627,Emma Smith,marvinpowell@example.net,2024-04-23 04:54:35
628,Joseph Duran,traceymartin@example.org,2023-11-23 18:01:36
629,Cindy Byrd,christopher58@example.com,2023-10-25 00:59:47
630,Nicole Chung PhD,snyderkenneth@example.com,2024-08-20 07:21:20
631,Kathryn Rogers,jacksonkari@example.com,2024-05-19 10:52:12
632,Sabrina Foster,ijohnson@example.com,2023-03-29 11:51:22
633,Brandon Mooney,catherinerodriguez@example.com,2023-10-23 04:10:10
634,Melissa Munoz,gward@example.net,2025-01-06 05:12:42
635,Angela Walker,johnnyrobinson@example.com,2024-03-02 18:33:18
636,Brent Kelly,andrew01@example.com,2023-07-11 16:17:35
637,Donna Ballard,qperry@example.net,2024-06-11 13:43:22
638,Maria Gonzalez,bowmanmary@example.net,2024-03-07 07:14:46
639,Douglas Garrett,bhill@example.com,2023-10-03 07:05:03
640,Carlos King,zhenderson@example.org,2024-04-20 07:55:24
641,Lisa Perez,holmesnicole@example.org,2023-09-04 21:39:17
642,Mary Morgan,quinnsarah@example.net,2024-02-01 14:46:00
643,Tracy Rodriguez,martinezcheryl@example.net,2023-03-10 15:08:41
644,Kelly Lopez,jessicaroth@example.org,2023-06-29 18:32:58
645,Jamie Stokes,alexishill@example.net,2023-10-20 06:55:44
646,Andrew Brown,xbowman@example.org,2023-07-24 18:00:17
647,Eric Watson,alexanderbrian@example.org,2023-06-24 15:35:27
648,Jamie Allen,deniseabbott@example.net,2023-02-20 21:11:55
649,Stephen Griffith,blaketerrell@example.com,2024-11-16 15:36:04
650,Stephanie Davis,jasonjennings@example.org,2023-09-07 05:15:55
651,Dale Buckley,erica11@example.com,2023-09-09 19:43:25
652,Samantha Clark,rwilson@example.org,2023-08-28 22:41:17
653,Wendy Juarez,anna76@example.com,2023-04-24 15:37:23
654,Jeffrey Parker,kimberly26@example.org,2024-04-04 11:20:08
655,Dominic Soto,cmorgan@example.com,2023-04-26 02:25:13
656,Linda Simpson,greenbobby@example.org,2024-12-27 04:23:24
657,Richard Reilly,wmills@example.org,2024-08-14 07:14:47
658,Brittany Trujillo,michaeltucker@example.net,2023-06-28 22:12:05
659,Michael Aguilar,chapmankevin@example.org,2024-01-24 04:32:28
660,Kristin Carr,robert31@example.net,2023-09-24 03:51:16
661,Lori Ramos,talexander@example.com,2023-01-24 19:58:11
662,Robert Reyes,hurleyjustin@example.org,2024-10-23 18:09:49
663,Melissa Mckinney,ycoleman@example.com,2023-11-27 23:15:12
664,Shelby Smith,fishermandy@example.org,2023-03-07 10:07:14
665,Maria Horn,joycemary@example.com,2024-01-28 15:13:27
666,Jason Armstrong,ldurham@example.org,2023-12-22 13:18:23
667,Jennifer Perez,smithmichael@example.com,2024-01-20 19:57:43
668,Elizabeth Harvey,omendez@example.com,2024-11-26 13:26:39
669,Veronica Wright,markbarrett@example.org,2024-06-12 07:28:34
670,Michelle Conner,margaret41@example.com,2024-07-28 04:26:57
671,Kenneth Hughes MD,nbridges@example.com,2024-03-30 21:45:50
672,Alicia Lopez,pageangela@example.com,2024-01-06 05:25:11
673,Hannah Fisher,hopkinsbrittany@example.com,2024-03-12 04:03:13
674,Krista Dudley,pattersonkim@example.net,2024-06-02 12:56:13
675,Megan Caldwell,mrivas@example.net,2023-02-02 17:14:10
676,Jason Davis,juliewilliams@example.com,2024-05-08 21:32:12
677,John Walker,smithkerry@example.org,2023-08-10 18:43:29
678,Paul Lee,craig90@example.org,2024-09-26 07:12:48
679,Stacey Clarke MD,ygross@example.net,2024-08-26 15:28:47
680,Jacob Esparza,ypham@example.org,2024-04-17 05:38:08
681,Erin Costa,zachary43@example.com,2024-10-25 03:45:45
682,Donald Neal,joshuawilson@example.org,2024-04-01 10:20:41
683,Chris Crane,robert77@example.com,2023-06-11 17:30:59
684,Julia Taylor,imoran@example.com,2024-11-02 04:42:01
685,Dustin Ellison,ihodges@example.net,2024-12-04 03:57:06
686,Abigail Allison,michelledawson@example.com,2023-12-27 13:18:38
687,Amy Montoya,johnpowell@example.com,2023-04-19 10:25:04
688,Melissa Thompson,wadealison@example.org,2024-04-12 19:44:25
689,Cindy Alvarado,clarktina@example.net,2025-01-12 17:49:50
690,Jonathan Stein,wardvernon@example.org,2023-05-11 14:50:12
691,Jessica Mcknight,davidharrell@example.com,2024-06-11 04:32:05
692,Cindy Smith,dlewis@example.org,2023-07-26 19:44:02
693,Tiffany Cordova,mbrown@example.org,2023-03-09 04:00:37
694,Jonathan Torres,mcguirejohn@example.org,2023-02-05 15:53:09
695,Jessica Greer,veronica07@example.org,2023-03-25 16:40:32
696,Jason Foster,zweber@example.org,2023-11-07 03:41:09
697,Victoria Barber,macdonaldmelanie@example.net,2024-05-20 10:23:39
698,Ricky Chapman,joyce85@example.com,2024-09-15 04:00:33
699,Ethan Wilson,taylorcharles@example.com,2024-02-07 21:35:42
700,Jennifer Kelley,scottnelson@example.org,2023-10-29 05:45:35
701,Paula Hayes,stephenscott@example.com,2023-10-18 17:58:56
702,Christy Christensen,qedwards@example.net,2024-02-17 00:08:22
703,Holly Holloway,samuel84@example.com,2024-09-20 16:15:47
704,Jacob Cross,johnsonisaiah@example.net,2023-09-15 11:28:26
705,Stephen Dickson,aaronhamilton@example.net,2024-08-18 09:23:55
706,Kevin Bailey,lewistabitha@example.org,2025-01-20 09:49:24
707,David Mooney,stephaniebarker@example.net,2024-07-11 14:39:43
708,Sharon Tucker,timothy34@example.net,2023-08-26 11:17:08
709,Daniel Higgins,lfloyd@example.org,2024-06-09 03:39:36
710,John Myers Jr.,cherylzimmerman@example.net,2024-09-07 03:44:43
711,Jeffrey Davis,schneidergail@example.org,2023-12-30 00:48:25
712,Michael Smith,timothy34@example.org,2023-04-09 09:42:08
713,Joshua Villegas,uwright@example.net,2023-12-07 13:45:45
714,Susan Crosby,baileyderek@example.net,2023-05-07 18:07:30
715,Wesley Barnett,fcruz@example.net,2024-08-04 12:42:04
716,Aaron Mcdaniel,tracycurtis@example.org,2023-02-16 00:32:40
717,Kristen Gonzalez,smithsarah@example.com,2023-04-21 04:12:01
718,Dennis Harrison,james86@example.org,2023-04-13 03:05:16
719,Scott Stone,dwest@example.org,2024-10-10 14:19:32
720,Steven Wilson,jessicavelazquez@example.net,2024-07-17 07:05:28
721,Edwin Clark,brian04@example.org,2023-04-03 12:18:55
722,Kimberly Acevedo,arichard@example.com,2025-01-17 05:40:42
723,Mrs. Rebecca Erickson,odavis@example.net,2023-04-21 19:26:31
724,Benjamin Moore,amandapalmer@example.net,2023-05-29 14:53:50
725,Scott Rhodes,perezwilliam@example.com,2024-10-03 21:19:33
726,Matthew Fletcher,john43@example.org,2024-05-08 11:15:58
727,Bryan Burton,pflores@example.com,2023-04-21 04:09:38
728,Courtney Morris,dmay@example.com,2024-05-04 07:17:55
729,Maria Garcia,virginiaacosta@example.org,2024-08-30 07:29:33
730,Christopher Moody,hwalker@example.net,2024-06-24 15:18:45
731,Heather Morgan,lford@example.com,2024-02-19 07:44:12
732,David Fuentes,princerachel@example.net,2023-07-01 12:19:17
733,Chase Brown,yriley@example.org,2023-10-17 08:15:45
734,Julie Dixon,wgordon@example.net,2023-11-09 09:55:58
735,Cheryl Olsen,brandonbeck@example.net,2024-04-18 00:16:11
736,Isaac Williams,csilva@example.com,2023-07-17 16:51:31
737,Steven Thomas,torresrichard@example.net,2024-11-06 14:11:09
738,Gina Johnson,jmoore@example.org,2023-11-17 16:34:46
739,James Espinoza,josephbaker@example.org,2023-03-30 05:56:19
740,Alexandra Carlson,nicholas61@example.net,2023-04-22 05:25:11
741,Randy Haas,bsmith@example.net,2023-10-16 19:35:41
742,Christina Haas,kathleen32@example.net,2024-09-03 11:36:18
743,Brenda Williams,stuartamy@example.com,2024-02-24 21:51:54
744,James Peters,tmontoya@example.org,2023-03-28 03:54:16
745,Sara Thornton,brianafoster@example.org,2023-03-04 19:51:45
746,Kimberly Bates,vgibson@example.net,2024-02-09 07:15:28
747,Allison Bush,kevinrussell@example.net,2023-06-29 08:41:59
748,James Navarro,floresnicholas@example.org,2023-04-03 12:39:42
749,Katrina Schaefer,henrybrown@example.net,2023-12-02 23:55:44
750,Patricia Duarte,ruben27@example.org,2023-06-09 09:54:33
751,Brandy Love,umacdonald@example.net,2023-05-25 17:42:57
752,Lauren Bauer,mistythomas@example.org,2024-05-17 21:47:39
753,Alison Rush,downsvanessa@example.org,2024-02-07 17:57:56
754,Alexandra Parker,khayden@example.com,2024-05-06 20:24:28
755,Cynthia Barker,mvance@example.com,2023-09-30 10:02:27
756,Christian Burton,qsanchez@example.com,2024-05-04 13:21:47
757,Randy Jones,tammymoss@example.net,2024-01-27 17:00:31
758,Peter Hill,michaelpacheco@example.net,2024-08-02 12:20:32
759,Dustin Davis,qhatfield@example.net,2024-03-04 15:42:08
760,Barbara Smith,ruizdavid@example.net,2023-02-02 16:14:13
761,Donald Ferguson,xgarcia@example.net,2024-04-03 14:58:36
762,John Cameron,carsonrobin@example.com,2024-12-29 21:42:49
763,Tammy Barrera,kristachang@example.com,2023-03-04 02:06:57
764,Matthew Hoffman,brian89@example.com,2024-05-04 20:49:41
765,Danielle Torres,laura01@example.com,2024-09-15 23:07:17
766,Abigail Fisher,amymaynard@example.net,2023-05-08 02:45:51
767,Natasha Williams,matthew90@example.org,2024-05-03 06:48:21
768,John Brennan,hayesterri@example.org,2023-12-19 02:13:02
769,Michael Mckenzie,tiffanyesparza@example.com,2024-09-10 03:06:09
770,Jonathan Chavez,davidjones@example.net,2023-02-05 22:48:27
771,Chloe Hunt,tanner77@example.net,2024-07-19 05:51:08
772,Rachel Cervantes,ashleyalexander@example.org,2023-11-02 20:39:59
773,Sarah Smith,butlernathan@example.org,2024-12-29 10:31:42
774,Mason Klein,guzmanmegan@example.com,2023-07-31 02:13:58
775,Sandra Miller,josephhancock@example.net,2023-09-19 02:03:47
776,Stacey Thompson,ryanpaul@example.net,2024-01-26 02:18:12
777,Ricky Hernandez,chandlerjoshua@example.net,2023-06-08 20:08:16
778,Dana Jones,brodriguez@example.com,2023-05-28 01:00:00
779,Erica Carter,thomasnatalie@example.net,2024-10-28 20:14:04
780,Eric Hines,theresa93@example.com,2023-06-05 04:15:27
781,Stacy Turner,jacqueline55@example.net,2023-08-13 16:36:54
782,Mrs. Christina Mckee,joshuaboyer@example.org,2023-07-03 16:04:50
783,Patricia Hodges,colleenmccoy@example.net,2024-12-07 01:40:06
784,Jacob Hernandez,kingbonnie@example.com,2024-08-06 10:24:24
785,Andrew Duran,william40@example.net,2023-04-02 22:25:27
786,James Ruiz,churchjulia@example.com,2023-05-07 22:06:41
787,Thomas Wood,kellymichele@example.org,2023-03-10 20:26:52
788,Miguel Stanton,laura64@example.net,2024-07-15 22:33:15
789,Lori Marshall,kanderson@example.net,2023-08-12 16:11:30
790,Mackenzie George,erik09@example.org,2023-04-14 10:00:38
791,John Buchanan,adammoyer@example.com,2024-10-03 00:39:36
792,Ms. Brittany Bailey DDS,fwhite@example.org,2023-07-31 17:03:35
793,Marcus Campbell,tracy20@example.net,2024-02-07 01:49:36
794,Bradley Drake,vpitts@example.org,2024-06-29 08:21:40
795,Keith Castillo,saraboyd@example.net,2024-01-17 02:45:23
796,Tyler Dominguez,hannahdavis@example.com,2023-05-21 14:44:34
797,Nathan Dominguez,judy40@example.net,2023-09-26 11:08:14
798,Howard Henderson,cooperjeffrey@example.net,2024-07-20 01:49:49
799,Phillip Fleming,wjohnson@example.net,2023-03-08 01:32:39
800,Adrienne Butler,brookskaitlyn@example.net,2023-12-28 04:56:07
801,Gregory Garza MD,browncarl@example.com,2023-03-10 15:44:25
802,Jeff Ellis,ricardo34@example.com,2024-12-26 22:49:35
803,Christopher Barr,obrown@example.net,2023-08-22 16:00:05
804,Joshua Montoya,melanie36@example.net,2023-05-13 12:37:07
805,Katie Yates,debra55@example.net,2023-09-11 03:38:55
806,Kevin Galvan,dperry@example.com,2023-06-29 12:31:00
807,Sarah Stokes,crystal14@example.net,2024-02-07 22:01:47
808,James Stephens,jake21@example.net,2024-07-11 11:00:02
809,Elizabeth Davis,angela72@example.com,2024-04-23 14:24:38
810,Michael Baker,nlowe@example.com,2023-07-05 11:26:37
811,Alex Black,robertwright@example.org,2024-09-17 09:31:19
812,Jenny Cummings,tara67@example.com,2024-03-31 18:45:41
813,Jacob Mills,kjohnston@example.org,2024-05-23 04:44:02
814,Leslie Garcia,traviswilliams@example.org,2023-10-14 12:11:12
815,Aaron Smith,hensleymary@example.net,2024-10-08 13:53:42
816,Matthew Grant,leraymond@example.com,2023-05-16 00:02:46
817,Susan Boyd,pburgess@example.org,2024-05-23 09:09:26
818,Lisa Pearson,erinwilcox@example.net,2024-03-15 23:31:02
819,Stephanie Davis,eherman@example.org,2025-01-23 03:08:28
820,Tara Serrano,leslie88@example.com,2024-10-14 22:47:48
821,Emily Mullins,pcastillo@example.org,2023-09-22 15:24:20
822,Angela Rodriguez,georgejohnson@example.org,2023-04-01 20:04:04
823,Melanie Dunlap,maria67@example.org,2024-06-03 12:29:44
824,Tanya Gaines,kingtracey@example.net,2024-03-24 19:44:39
825,Deborah Ross,hsmith@example.org,2025-01-16 16:32:27
826,Kaitlyn Huffman,david20@example.com,2023-07-17 05:05:22
827,Tina Gibson,olivia29@example.org,2023-10-16 04:24:11
828,Jose Spencer,esweeney@example.com,2023-07-18 02:51:38
829,Julia Brown,stevennguyen@example.com,2023-04-23 12:42:01
830,David Rodgers,gburgess@example.com,2023-04-10 02:49:03
831,Emily Porter,vtapia@example.org,2024-12-25 15:03:26
832,William White,robertmueller@example.net,2023-02-22 09:42:38
833,Holly Griffin,ronnie57@example.org,2024-10-13 14:07:56
834,Sarah Page,ejohnson@example.net,2024-08-21 13:07:47
835,Andrea Valencia,sanchezjason@example.net,2024-06-10 22:18:12
836,John Lambert,fnguyen@example.net,2024-08-06 02:18:35
837,Felicia Chen,travis79@example.org,2024-05-06 11:29:24
838,Paula David,michael13@example.com,2024-10-03 02:02:40
839,Christopher Jimenez,jenkinstanya@example.org,2024-07-18 06:57:06
840,Kevin Clarke,brittanyboyer@example.net,2024-01-26 19:20:35
841,Scott Gill,nwong@example.com,2024-04-06 19:31:17
842,Jessica Wu,qterry@example.com,2024-02-24 05:52:42
843,Cynthia Carter,kstewart@example.org,2023-09-17 17:02:04
844,Garrett Johnson,juliebrown@example.org,2024-08-18 12:58:16
845,Johnathan Tucker,dannywelch@example.com,2023-04-09 20:20:09
846,James Sexton,lwashington@example.com,2024-04-22 16:46:52
847,Jason Mccoy,laurenbarrett@example.com,2023-10-04 12:04:00
848,Dr. Mitchell Brown,kimberlycampbell@example.net,2024-02-24 00:41:19
849,Jennifer Morris,kevin86@example.net,2023-08-07 12:57:26
850,Noah Waters,bryan83@example.com,2024-01-25 04:18:30
851,Mary Waters,navarrojanet@example.net,2024-08-13 03:31:31
852,Julie Lopez,sara65@example.net,2024-08-26 00:40:20
853,Cassandra Brown,christinabarnes@example.com,2023-03-22 04:46:19
854,Julia Brooks,ohart@example.net,2023-10-07 06:20:39
855,Jerry Harris,brownalexandra@example.com,2023-02-19 00:29:52
856,Karen Scott,manderson@example.com,2023-12-16 16:56:24
857,Kimberly Pearson,wcarson@example.net,2025-01-05 14:03:28
858,Laura Mcdowell,rmerritt@example.net,2024-04-07 22:02:15
859,Vincent White,samantha95@example.org,2023-10-11 11:40:19
860,Melanie Hawkins,taylorhernandez@example.org,2024-08-14 12:40:45
861,Taylor Farley,perezchristian@example.com,2024-04-06 16:02:36
862,Vincent Montgomery,tammywoods@example.net,2024-02-23 10:20:52
863,Rachel Robinson,owenstonya@example.com,2024-04-03 02:43:40
864,Sarah Young,qmason@example.org,2023-07-07 16:09:19
865,Andrea Lynch,dbarker@example.com,2023-05-08 21:30:59
866,Felicia Rice,floresspencer@example.net,2023-10-03 18:43:05
867,Alexandria Olson,theodore80@example.com,2023-04-10 10:22:36
868,Alexis Jones,smithjames@example.com,2023-09-11 15:32:28
869,Christine Mann,julieray@example.net,2023-03-11 10:54:37
870,James Barnes,margaretreilly@example.com,2024-09-17 02:30:10
871,Nancy Peters,christopherhopkins@example.com,2024-10-15 01:11:39
872,Lori Guzman,teresahart@example.com,2023-06-28 02:29:04
873,Chris Smith,heidi66@example.com,2023-04-17 03:34:21
874,Hayley Dominguez,daviddiaz@example.org,2024-05-26 14:01:10
875,Gina Jenkins,joshua66@example.net,2023-08-07 14:59:50
876,Cathy Ponce,leekevin@example.org,2024-12-12 03:13:01
877,Kara Oneill,scottchavez@example.com,2023-05-27 18:58:23
878,Thomas Mack,brandongraves@example.com,2023-08-10 15:51:02
879,Anna Conway,nanderson@example.net,2024-07-10 02:31:23
880,Melissa Holland,pattersonjeremy@example.com,2024-02-07 03:04:55
881,Courtney Davis,roseelizabeth@example.net,2024-06-14 14:37:05
882,Lisa Alvarez,kellerjerome@example.org,2025-01-12 19:53:00
883,John Kaiser,kingjames@example.com,2023-12-13 07:31:51
884,Erin Harris,tgreene@example.net,2023-03-11 03:47:03
885,Casey Hill,hernandezbrittany@example.org,2024-05-22 18:38:53
886,Charles Singh,johnsonjoseph@example.com,2024-10-07 17:24:08
887,Cheryl Brown,codyrodriguez@example.net,2023-04-03 15:49:56
888,Lisa Rowland,jjones@example.org,2024-08-09 13:02:32
889,Luis Sanchez,utaylor@example.org,2025-01-19 02:55:53
890,Greg Carter III,smithemily@example.com,2024-07-02 08:51:48
891,Heidi Rubio,amber98@example.net,2024-06-15 07:07:13
892,Marvin Steele,mharvey@example.com,2023-11-19 02:55:21
893,Sean Ray,johnsonpaul@example.org,2024-06-15 14:35:34
894,Priscilla Evans,xpierce@example.org,2024-06-12 02:58:55
895,Christopher Herrera,williamsjo@example.org,2024-10-04 20:45:30
896,Stephen Yang,samantha40@example.net,2023-01-29 23:22:09
897,Claudia Cole,kaitlinwebster@example.net,2024-10-10 10:11:15
898,Dr. Zachary Manning,bakermartha@example.com,2024-07-11 08:54:04
899,Katrina Dean,xglover@example.org,2024-08-22 08:15:00
900,Joseph Lee,cynthiabird@example.net,2024-09-30 05:06:42
901,John Parsons,kristin65@example.com,2023-03-16 07:19:27
902,Benjamin Brown,ofrancis@example.org,2023-06-11 21:30:53
903,Emily Cummings,lawsonbreanna@example.com,2023-09-13 06:22:07
904,Bobby Lewis,kwilliams@example.net,2023-12-14 02:14:04
905,Don Sanders,john33@example.net,2023-11-07 05:23:41
906,Kimberly Baker,xrichards@example.net,2024-07-09 04:25:07
907,Pamela Mayer,ryankennedy@example.com,2023-08-09 18:11:39
908,Ricardo Lawrence,catherinehernandez@example.net,2024-05-14 16:03:10
909,Jennifer Richards,jamesscott@example.net,2024-01-12 07:55:45
910,Kenneth Howell,muellermatthew@example.org,2024-01-14 20:20:11
911,Anthony Smith,mwilson@example.org,2024-12-06 20:37:59
912,Janet Vargas,nnorton@example.com,2024-01-22 12:06:25
913,Samantha Molina,kellymartin@example.org,2023-04-30 06:16:21
914,Joseph Delgado,charlesmelendez@example.net,2023-11-15 05:11:33
915,Tiffany Rowland,qwalls@example.com,2024-10-16 09:44:50
916,Victor White,laurenflores@example.net,2024-06-19 07:15:55
917,Hailey Garner,ucombs@example.com,2025-01-08 18:36:37
918,Valerie Montes,jacob90@example.net,2023-06-11 01:42:52
919,Jason Carpenter,kenneth89@example.com,2023-04-30 14:23:28
920,Noah Nguyen,robertsimmons@example.org,2024-10-01 03:04:30
921,Brian Rivera,nicolesimmons@example.com,2024-08-29 12:19:47
922,Matthew Garcia,evelyn02@example.org,2024-01-06 03:14:50
923,Stephanie Fuller,marshalldanielle@example.net,2023-06-14 04:20:17
924,Jeffery Nelson,wzavala@example.net,2024-08-13 05:44:28
925,Jason Wilson,paynealexander@example.net,2024-04-29 21:04:09
926,Felicia Bell,lauragarcia@example.org,2023-12-09 20:10:58
927,Trevor Fitzgerald,haneyhelen@example.net,2024-10-01 15:13:50
928,Susan Weaver,richard84@example.org,2023-04-12 09:26:20
929,Brian Fuller,schneiderpamela@example.org,2024-03-18 10:51:41
930,William Kim,bradleyalvarez@example.com,2023-10-11 12:48:38
931,Bradley Wilson,ybarry@example.com,2023-08-04 03:49:33
932,Earl Schmitt,adamssamuel@example.com,2024-09-09 19:03:18
933,Victor Howell,hollymiller@example.net,2024-02-10 19:10:34
934,Jeremy Lawrence,katherine78@example.com,2023-11-28 03:56:00
935,Michael May,bonnieshields@example.net,2023-03-20 14:05:51
936,Melanie Robinson,daniel86@example.org,2023-12-09 14:41:36
937,Alison Wright,marktodd@example.com,2023-06-16 20:30:12
938,Amber Bishop,brittney57@example.net,2023-11-24 17:22:32
939,Brian Chandler,lphelps@example.org,2024-01-25 06:02:17
940,John Smith,ncampbell@example.com,2023-05-07 18:15:33
941,Carrie Marshall,alexandra07@example.org,2024-11-10 06:19:12
942,Karen Burton,wilcoxmichele@example.net,2024-04-12 03:49:02
943,Bethany Jacobson,knightderek@example.org,2024-08-08 07:46:55
944,Steve Parks,michael00@example.org,2023-10-05 04:02:10
945,David Ball,evansholly@example.net,2023-06-06 22:44:30
946,Glenn Myers,pcarson@example.net,2023-01-28 05:23:39
947,Brittany Chavez,jessica20@example.com,2025-01-03 04:28:17
948,April Roberts,matthew62@example.org,2023-04-08 04:56:45
949,Natalie Farmer,lancewhitaker@example.com,2025-01-17 08:56:27
950,Crystal Hammond,rodney73@example.org,2024-05-19 08:25:08
951,Traci Willis,victorialawson@example.org,2023-06-06 14:14:59
952,Angela Martinez,deniseesparza@example.net,2023-06-28 09:42:53
953,William Thomas,patricia74@example.net,2023-10-11 17:16:25
954,Spencer Tate,david05@example.net,2024-12-27 11:56:55
955,David Rodriguez,dalewood@example.net,2024-02-12 16:10:32
956,Wayne Davis,barbaramorgan@example.net,2024-01-10 10:56:38
957,Dr. Barbara Knox MD,thomaskevin@example.com,2023-07-03 04:04:30
958,Chris Dyer,erika45@example.org,2024-01-04 01:38:37
959,Laura Carson,angelajordan@example.org,2024-09-30 07:58:16
960,Robert Simmons,nicolejohnson@example.net,2023-06-26 07:03:39
961,Gerald Curry,katrinalyons@example.net,2024-04-11 05:39:20
962,Christina Meyer,bpope@example.org,2024-08-15 15:19:52
963,Tina Bates,dawnstephenson@example.org,2024-11-12 03:55:05
964,Jessica Herrera,bevans@example.net,2023-07-11 15:08:01
965,Danielle Gonzales,erica32@example.net,2024-07-18 16:51:36
966,Elizabeth Arnold,brucerivers@example.net,2024-05-29 08:10:46
967,Victoria Hooper,kelly18@example.com,2024-06-28 23:10:01
968,Frank Gibson,amy59@example.org,2024-09-16 09:10:14
969,James Johnston,stewartcourtney@example.org,2023-11-08 22:29:19
970,Dylan Harris,daniel38@example.net,2024-07-01 21:46:18
971,Donna Douglas,jhubbard@example.org,2024-03-01 23:32:47
972,Peggy Hamilton,smithnoah@example.net,2024-02-11 01:26:40
973,Colleen Wood,espinozawilliam@example.net,2024-10-01 06:05:21
974,Kara Brady,abates@example.org,2023-02-22 07:53:37
975,Cindy Flores,rboyd@example.net,2023-10-30 22:56:05
976,Elizabeth Fletcher,hector16@example.net,2023-03-24 18:08:58
977,Adam Carter,courtney49@example.net,2024-11-28 16:02:11
978,Megan Johnson,orozcojames@example.org,2023-06-29 10:22:54
979,Mary Garcia,peterwatts@example.org,2024-01-10 10:36:43
980,Deborah Williams,amy37@example.org,2024-10-06 11:22:29
981,Daniel Khan,randall36@example.net,2023-09-16 16:05:38
982,Rachel Jackson MD,mark89@example.net,2024-10-20 03:22:02
983,Stephen Stout,mirandavictor@example.net,2024-01-27 07:32:05
984,Stephanie King,christopher52@example.net,2023-10-21 16:48:20
985,David Schneider,rwright@example.com,2023-10-24 02:56:35
986,Wesley Cline,jeffrey91@example.com,2024-02-28 18:35:26
987,Douglas Powers,mgraham@example.com,2023-05-24 04:19:04
988,Timothy Duke,qkoch@example.org,2023-08-11 23:13:25
989,Brian Calderon,matthew67@example.com,2024-10-26 09:53:32
990,Edward Baldwin,stephenrobbins@example.com,2023-02-05 21:12:26
991,David Ryan,andrewgraves@example.net,2024-10-28 07:58:37
992,Victor Macias,maryaguilar@example.net,2023-04-25 19:55:18
993,Kristopher Faulkner,aliciawarren@example.org,2024-05-14 19:33:26
994,Brian Cook,christinemoreno@example.com,2024-03-26 16:52:20
995,Michael Mann,mark95@example.org,2023-02-02 15:50:02
996,Daniel Bell,vrogers@example.net,2024-04-09 18:13:31
997,Cheyenne Ross,angelawilliams@example.net,2023-02-09 14:46:11
998,Ronald Phillips,amberbryan@example.net,2023-10-25 15:50:28
999,Christina Gill,jonesrobert@example.net,2023-03-29 15:14:20
1000,Carol Sawyer,fsmith@example.net,2023-04-06 21:53:51
